Model,RMSE ($),MAE ($),R² Score
Ridge Regression,21737.454303258346,17595.663594055783,0.8825511499249341
Random Forest,24303.124361235718,19612.86364679656,0.8531900051619501
XGBoost,22598.59981231988,18212.18266405617,0.8730611767562615
